Limit,1,0,0,22.3,6.84178339323893,0.112067046654825,22.3,6.84178339323893,0.112067046654825,30,25,13,25,35,21,32,22,23,23,13,10,20,28,18,13,19,26,18,32,,30,25,13,25,35,21,32,22,23,23,13,10,20,28,18,13,19,26,18,32,,35,28,16,29,39,22,36,26,26,31,19,12,24,30,20,14,21,31,21,33,
populationSize,2,0,0,24.85,9.31276006348279,0.156070075775215,24.85,9.31276006348279,0.156070075775215,25,25,46,20,25,25,36,19,24,31,18,8,11,46,22,27,26,18,19,26,,25,25,46,20,25,25,36,19,24,31,18,8,11,46,22,27,26,18,19,26,,31,28,55,22,29,28,43,27,27,35,22,9,11,52,23,33,31,20,23,28,
10,3,0,0,26.4,6.67382948538543,0.162308225439272,26.4,6.67382948538543,0.162308225439272,24,18,29,26,25,36,15,27,35,34,23,26,25,27,9,34,26,35,28,26,,24,18,29,26,25,36,15,27,35,34,23,26,25,27,9,34,26,35,28,26,,27,20,31,27,31,43,16,31,40,41,24,28,29,31,12,38,30,41,32,31,
elitism,4,0,0,25.6,10.5185550338438,0.183809416456942,25.6,10.5185550338438,0.183809416456942,35,15,43,33,37,25,9,37,24,49,19,18,29,20,13,11,19,26,23,27,,35,15,43,33,37,25,9,37,24,49,19,18,29,20,13,11,19,26,23,27,,40,21,51,36,40,31,13,45,24,54,24,26,37,23,16,13,22,30,27,29,
2,5,0,0,25.8,7.05407683541936,0.152045227155154,25.6,10.5185550338438,0.183809416456942,35,15,43,33,37,25,9,37,24,49,19,18,29,20,13,11,19,26,23,27,,28,21,24,22,28,31,13,22,34,16,32,17,29,28,16,30,29,41,34,21,,32,27,26,27,30,34,19,26,38,20,36,19,38,30,18,37,32,45,37,27,
mutationRate,6,0,0,25.25,8.04285397107271,0.149793121467514,25.6,10.5185550338438,0.183809416456942,35,15,43,33,37,25,9,37,24,49,19,18,29,20,13,11,19,26,23,27,,21,46,30,16,18,29,25,30,22,37,18,13,28,21,23,17,38,29,22,22,,24,54,31,21,23,35,31,34,26,42,20,16,35,23,25,20,44,34,24,27,
0.01,7,0,0,24.3,9.06697303403953,0.146745437033744,25.6,10.5185550338438,0.183809416456942,35,15,43,33,37,25,9,37,24,49,19,18,29,20,13,11,19,26,23,27,,24,13,17,37,18,20,22,46,27,21,12,18,23,39,19,15,37,28,30,20,,30,18,20,40,21,24,26,55,32,22,14,21,29,44,23,19,45,30,36,23,
generationLimit,8,0,0,25.5,8.0156097709407,0.153531280663825,25.6,10.5185550338438,0.183809416456942,35,15,43,33,37,25,9,37,24,49,19,18,29,20,13,11,19,26,23,27,,19,24,25,18,18,29,19,30,38,23,16,27,29,31,42,20,24,11,26,41,,27,29,29,20,20,38,22,36,43,26,20,31,33,34,45,24,26,15,29,48,
100,9,0,0,25,7.42967024840268,0.141674145704854,25.6,10.5185550338438,0.183809416456942,35,15,43,33,37,25,9,37,24,49,19,18,29,20,13,11,19,26,23,27,,30,14,34,24,24,20,29,21,17,25,27,17,20,45,18,21,21,37,25,31,,36,14,39,26,27,25,32,25,20,28,36,22,24,54,22,21,25,41,29,34,
moveLimit,10,0,0,25.1,5.07838557023785,0.130526540198155,25.6,10.5185550338438,0.183809416456942,35,15,43,33,37,25,9,37,24,49,19,18,29,20,13,11,19,26,23,27,,23,29,22,21,24,24,15,26,29,24,20,32,33,32,17,20,26,28,24,33,,24,34,24,25,27,27,17,28,35,26,26,38,35,35,21,24,32,30,27,38,
200,11,0,0,24.5,7.87083223045695,0.138429988106939,25.6,10.5185550338438,0.183809416456942,35,15,43,33,37,25,9,37,24,49,19,18,29,20,13,11,19,26,23,27,,21,42,27,17,15,27,21,24,14,28,25,19,26,22,39,24,19,16,41,23,,26,49,33,19,16,30,24,28,16,33,28,27,30,23,43,29,21,19,48,25,
repeat,12,0,0,24.4,9.15641851380768,0.148818735474722,25.6,10.5185550338438,0.183809416456942,35,15,43,33,37,25,9,37,24,49,19,18,29,20,13,11,19,26,23,27,,19,21,24,12,32,21,26,20,26,14,47,20,43,20,15,30,15,31,34,18,,22,22,29,18,35,25,32,26,29,20,56,23,44,25,18,31,15,36,39,22,
20,13,0,0,27.55,9.11852510003674,0.217586378597591,27.55,9.11852510003674,0.217586378597591,19,20,29,12,15,24,51,42,33,27,22,33,19,41,30,26,27,26,29,26,,19,20,29,12,15,24,51,42,33,27,22,33,19,41,30,26,27,26,29,26,,21,21,37,14,17,29,59,49,37,32,26,35,21,49,32,28,32,29,36,29,
INPUT,14,0,0,24.4,6.82934843158555,0.130279328794416,27.55,9.11852510003674,0.217586378597591,19,20,29,12,15,24,51,42,33,27,22,33,19,41,30,26,27,26,29,26,,25,29,21,11,38,39,22,32,19,20,22,27,15,17,30,23,25,22,28,23,,26,35,23,16,44,45,26,34,26,23,27,28,19,19,34,27,32,24,31,25,
gridRowSize,15,0,0,24.5,5.40832691319598,0.124129971990764,27.55,9.11852510003674,0.217586378597591,19,20,29,12,15,24,51,42,33,27,22,33,19,41,30,26,27,26,29,26,,18,29,31,25,20,21,33,18,35,28,21,30,30,24,23,16,25,18,20,25,,24,37,34,32,20,24,39,22,38,36,24,34,34,28,30,23,27,20,22,29,
7,16,0,0,27.6,7.17216843081644,0.203697874250023,27.55,9.11852510003674,0.217586378597591,19,20,29,12,15,24,51,42,33,27,22,33,19,41,30,26,27,26,29,26,,27,24,17,39,25,39,27,40,23,33,31,15,22,21,20,26,37,32,30,24,,31,25,17,48,29,41,32,48,27,35,36,18,24,21,21,31,47,34,36,27,
gridColSize,17,0,0,26.1,8.01810451416044,0.164682578660682,27.55,9.11852510003674,0.217586378597591,19,20,29,12,15,24,51,42,33,27,22,33,19,41,30,26,27,26,29,26,,24,19,19,15,19,14,14,17,39,30,36,24,36,32,30,31,35,23,31,34,,26,25,23,20,20,18,15,20,45,36,43,27,43,35,34,36,38,26,34,37,
7,18,0,0,25.6,7.48598690888516,0.151319305207328,27.55,9.11852510003674,0.217586378597591,19,20,29,12,15,24,51,42,33,27,22,33,19,41,30,26,27,26,29,26,,27,18,30,15,25,16,23,38,25,34,14,37,17,31,26,25,37,20,33,21,,29,21,36,20,30,21,27,41,26,39,16,44,17,36,32,27,42,21,36,28,
targetMove,19,0,0,24.85,8.86721489533213,0.151399658362771,27.55,9.11852510003674,0.217586378597591,19,20,29,12,15,24,51,42,33,27,22,33,19,41,30,26,27,26,29,26,,27,10,23,29,19,25,37,22,30,28,38,27,33,25,13,10,40,14,15,32,,35,12,27,36,22,28,42,23,33,31,43,32,37,28,14,14,45,15,18,35,
30,20,0,0,23.65,8.72510744919511,0.136756748332255,27.55,9.11852510003674,0.217586378597591,19,20,29,12,15,24,51,42,33,27,22,33,19,41,30,26,27,26,29,26,,22,17,23,10,12,26,31,16,13,31,24,30,19,16,41,30,19,42,30,21,,26,21,25,14,16,30,38,18,16,36,27,35,22,18,45,32,20,51,35,23,
targetStd,21,0,0,24.15,7.95785775193299,0.135165189673427,27.55,9.11852510003674,0.217586378597591,19,20,29,12,15,24,51,42,33,27,22,33,19,41,30,26,27,26,29,26,,16,41,29,31,17,17,10,23,28,18,14,36,18,31,16,28,32,26,24,28,,21,49,34,40,21,22,14,29,31,20,15,42,20,38,18,34,45,30,28,30,
15,22,0,0,24.55,5.98727817960716,0.127455851562537,27.55,9.11852510003674,0.217586378597591,19,20,29,12,15,24,51,42,33,27,22,33,19,41,30,26,27,26,29,26,,26,34,34,21,25,20,33,16,24,26,13,27,27,18,34,19,24,18,26,26,,30,36,38,25,30,29,36,20,29,28,20,30,32,22,39,22,30,20,30,31,
targetFitness,23,0,0,25.55,6.30456184044538,0.143313764323211,27.55,9.11852510003674,0.217586378597591,19,20,29,12,15,24,51,42,33,27,22,33,19,41,30,26,27,26,29,26,,28,25,21,35,37,15,23,24,22,23,23,15,35,19,26,34,29,19,31,27,,31,29,25,39,42,18,30,29,29,34,24,22,40,22,29,43,36,22,37,27,
0.9,24,0,0,25.2,6.43117407632541,0.138459911079131,27.55,9.11852510003674,0.217586378597591,19,20,29,12,15,24,51,42,33,27,22,33,19,41,30,26,27,26,29,26,,20,29,24,26,28,12,25,23,26,20,30,32,26,33,27,21,17,42,17,26,,21,32,30,30,31,14,30,25,29,26,36,38,30,40,34,27,21,46,18,31,
targetCnt,25,0,0,26.45,7.03899850831068,0.165687444648252,27.55,9.11852510003674,0.217586378597591,19,20,29,12,15,24,51,42,33,27,22,33,19,41,30,26,27,26,29,26,,13,23,28,22,30,41,28,19,23,34,21,24,31,31,23,23,23,18,40,34,,14,26,28,26,32,51,31,22,26,39,25,27,38,39,30,28,23,21,46,40,
15,26,0,0,25.25,7.29982876511497,0.144426654969975,27.55,9.11852510003674,0.217586378597591,19,20,29,12,15,24,51,42,33,27,22,33,19,41,30,26,27,26,29,26,,16,27,21,29,38,22,26,21,21,40,19,31,24,17,23,16,34,36,16,28,,18,32,26,31,45,29,28,25,22,43,22,35,31,22,27,20,37,43,22,34,
0,27,0,0,26.5,7.94040301244213,0.173148952553045,27.55,9.11852510003674,0.217586378597591,19,20,29,12,15,24,51,42,33,27,22,33,19,41,30,26,27,26,29,26,,23,22,22,30,23,24,29,51,30,21,34,20,24,41,25,20,27,29,18,17,,24,23,25,34,28,31,30,57,34,23,38,22,29,46,28,22,31,33,25,20,
0,28,0,0,26.6,6.27216071222669,0.165035239091516,27.55,9.11852510003674,0.217586378597591,19,20,29,12,15,24,51,42,33,27,22,33,19,41,30,26,27,26,29,26,,36,16,36,29,25,31,33,25,20,22,26,27,19,27,16,37,27,22,24,34,,41,17,40,33,25,37,36,31,21,26,32,30,23,32,17,44,27,24,33,45,
0,29,0,0,25.7,6.89274981411628,0.149240936407437,27.55,9.11852510003674,0.217586378597591,19,20,29,12,15,24,51,42,33,27,22,33,19,41,30,26,27,26,29,26,,29,17,30,31,25,32,36,15,23,33,26,11,27,25,30,34,30,13,23,24,,34,18,34,41,32,34,42,16,26,35,29,14,31,28,32,39,32,15,29,29,
0,30,0,0,24.65,7.37071909653325,0.136682413108954,27.55,9.11852510003674,0.217586378597591,19,20,29,12,15,24,51,42,33,27,22,33,19,41,30,26,27,26,29,26,,24,17,22,33,24,42,12,25,21,12,14,30,29,28,26,22,29,35,22,26,,32,18,25,39,28,47,15,27,24,13,17,38,34,34,26,26,34,38,25,28,
0,31,0,0,27.95,7.51315512950451,0.222849135715745,27.95,7.51315512950451,0.222849135715745,19,30,20,23,23,37,13,23,38,38,32,25,22,24,24,38,24,37,38,31,,19,30,20,23,23,37,13,23,38,38,32,25,22,24,24,38,24,37,38,31,,24,36,23,30,25,42,13,24,42,49,36,26,25,30,28,41,31,43,42,34,
0,32,0,0,25.3,7.51065909225016,0.146616685620358,27.95,7.51315512950451,0.222849135715745,19,30,20,23,23,37,13,23,38,38,32,25,22,24,24,38,24,37,38,31,,21,36,16,32,23,35,25,20,36,19,25,20,27,32,13,22,41,25,16,22,,23,41,18,39,25,42,35,22,44,23,28,24,34,37,14,24,46,29,19,26,
possibleCnt,33,0,0,25.9,7.57561878660747,0.15739075585698,27.95,7.51315512950451,0.222849135715745,19,30,20,23,23,37,13,23,38,38,32,25,22,24,24,38,24,37,38,31,,36,38,34,29,26,25,26,22,19,9,12,29,18,28,26,31,19,36,31,24,,44,43,40,35,31,27,29,26,22,10,17,32,22,30,34,34,20,43,33,28,
126,34,0,0,24.15,7.31624903895432,0.130571505355134,27.95,7.51315512950451,0.222849135715745,19,30,20,23,23,37,13,23,38,38,32,25,22,24,24,38,24,37,38,31,,27,23,31,20,37,38,20,21,29,36,14,16,16,23,23,31,16,26,21,15,,30,28,35,24,44,42,23,27,33,42,17,19,18,25,27,35,21,31,26,21,
blockedCnt,35,0,0,25.3,7.34914961066925,0.145517084301036,27.95,7.51315512950451,0.222849135715745,19,30,20,23,23,37,13,23,38,38,32,25,22,24,24,38,24,37,38,31,,17,29,22,29,14,24,23,32,16,15,33,23,22,36,22,28,37,31,37,16,,23,38,23,38,16,27,26,40,19,18,39,25,23,41,27,34,44,31,43,22,
11,36,0,0,27.05,8.02792002949706,0.189301167635414,27.95,7.51315512950451,0.222849135715745,19,30,20,23,23,37,13,23,38,38,32,25,22,24,24,38,24,37,38,31,,40,35,25,33,17,20,24,33,25,30,13,36,38,23,17,16,26,39,29,22,,44,45,27,36,21,25,25,35,29,34,14,45,42,24,18,19,30,45,34,25,
possibleCounting,37,0,0,24.7,8.68389313614579,0.147707438122889,27.95,7.51315512950451,0.222849135715745,19,30,20,23,23,37,13,23,38,38,32,25,22,24,24,38,24,37,38,31,,37,23,24,26,19,36,38,25,41,15,14,14,22,27,30,30,17,27,8,21,,48,29,26,30,26,38,46,30,43,20,18,16,28,32,37,36,20,30,11,24,
0,38,0,0,24.6,6.81469001496033,0.132559744261692,27.95,7.51315512950451,0.222849135715745,19,30,20,23,23,37,13,23,38,38,32,25,22,24,24,38,24,37,38,31,,25,15,24,24,21,27,35,25,23,24,35,37,31,28,15,19,11,29,27,17,,30,19,25,24,24,29,38,31,23,27,41,44,33,31,17,20,11,33,30,21,
1,39,0,0,26.6,6.85127725318426,0.168288801341291,27.95,7.51315512950451,0.222849135715745,19,30,20,23,23,37,13,23,38,38,32,25,22,24,24,38,24,37,38,31,,23,27,20,42,21,26,31,15,21,26,19,33,21,30,25,42,30,22,30,28,,28,33,21,45,29,29,42,17,23,30,20,36,23,40,31,49,32,24,40,32,
0,40,0,0,29.9,7.99937497558403,0.517040571923674,29.9,7.99937497558403,0.517040571923674,26,22,25,26,33,41,50,24,35,23,41,25,26,19,31,23,41,30,34,23,,26,22,25,26,33,41,50,24,35,23,41,25,26,19,31,23,41,30,34,23,,34,25,26,32,40,43,59,28,40,29,46,28,31,23,40,29,47,34,39,27,
0,41,0,0,26.25,6.80349175056456,0.159631618884341,29.9,7.99937497558403,0.517040571923674,26,22,25,26,33,41,50,24,35,23,41,25,26,19,31,23,41,30,34,23,,18,30,32,16,23,42,26,34,31,17,20,21,30,32,30,34,23,23,25,18,,22,34,40,17,23,47,33,36,39,22,22,26,32,35,37,38,25,27,25,19,
0,42,0,0,24.95,8.65144496601579,0.15068521535581,29.9,7.99937497558403,0.517040571923674,26,22,25,26,33,41,50,24,35,23,41,25,26,19,31,23,41,30,34,23,,28,21,27,27,23,23,24,19,17,26,40,27,46,22,24,13,18,31,36,7,,31,26,31,31,27,25,26,22,18,31,49,33,52,25,26,15,22,35,38,10,
1,43,0,0,26.4,7.66420250254389,0.168677915436977,29.9,7.99937497558403,0.517040571923674,26,22,25,26,33,41,50,24,35,23,41,25,26,19,31,23,41,30,34,23,,22,28,33,24,22,30,20,26,32,15,23,24,22,48,25,17,24,33,40,20,,23,33,36,26,29,34,26,28,37,20,26,27,24,57,31,19,30,45,45,22,
1,44,0,0,23.2,5.75847201955519,0.112923404211062,29.9,7.99937497558403,0.517040571923674,26,22,25,26,33,41,50,24,35,23,41,25,26,19,31,23,41,30,34,23,,26,19,35,21,22,17,16,23,21,30,29,20,31,19,16,35,21,21,18,24,,33,26,42,24,27,26,21,26,27,34,35,20,36,21,19,43,27,25,20,29,
0,45,0,0,25.05,8.64566365295343,0.152020713355596,29.9,7.99937497558403,0.517040571923674,26,22,25,26,33,41,50,24,35,23,41,25,26,19,31,23,41,30,34,23,,12,30,23,34,19,15,32,35,17,23,21,30,25,26,20,31,27,19,13,49,,15,38,24,37,21,18,37,41,19,26,24,34,31,29,27,33,30,21,13,53,
5,46,0,0,22.65,5.71204866926044,0.108480780476672,29.9,7.99937497558403,0.517040571923674,26,22,25,26,33,41,50,24,35,23,41,25,26,19,31,23,41,30,34,23,,25,11,20,22,28,29,28,13,28,31,27,19,23,27,15,19,26,14,23,25,,25,12,25,25,37,34,32,13,34,38,31,27,26,37,17,22,33,15,27,30,
5,47,0,0,26.4,6.73349834781297,0.162653447549905,29.9,7.99937497558403,0.517040571923674,26,22,25,26,33,41,50,24,35,23,41,25,26,19,31,23,41,30,34,23,,24,29,34,20,29,26,24,20,29,9,27,24,42,36,27,23,21,32,23,29,,30,32,38,21,34,30,30,25,32,11,31,28,48,41,32,26,24,41,28,33,
5,48,0,0,27.85,7.65685966960346,0.21865963135072,29.9,7.99937497558403,0.517040571923674,26,22,25,26,33,41,50,24,35,23,41,25,26,19,31,23,41,30,34,23,,25,17,23,37,25,41,26,13,25,32,26,31,33,20,21,26,33,29,28,46,,30,20,27,42,29,46,30,15,26,36,30,36,41,25,25,29,34,35,34,54,
5,49,0,0,22.5,6.88839603971781,0.113698609823459,29.9,7.99937497558403,0.517040571923674,26,22,25,26,33,41,50,24,35,23,41,25,26,19,31,23,41,30,34,23,,27,8,32,17,14,31,15,33,26,34,23,22,18,23,24,25,21,26,15,16,,30,11,37,20,18,34,22,39,29,35,30,23,20,28,28,28,26,28,19,21,
7,50,0,0,26.2,6.65281895139196,0.157658729931501,29.9,7.99937497558403,0.517040571923674,26,22,25,26,33,41,50,24,35,23,41,25,26,19,31,23,41,30,34,23,,24,34,28,21,31,30,32,36,16,27,22,29,31,39,27,25,19,22,17,14,,26,37,35,27,36,35,34,43,23,34,28,31,34,43,30,28,26,23,22,17,
3,51,0,0,30.15,9.81975050599556,0.515685491416659,29.9,7.99937497558403,0.517040571923674,26,22,25,26,33,41,50,24,35,23,41,25,26,19,31,23,41,30,34,23,,34,17,24,24,51,21,31,37,35,46,18,35,16,36,15,39,38,26,26,34,,39,19,28,38,59,24,34,40,44,50,23,41,18,46,21,43,45,28,30,43,
1,52,0,0,26.45,7.97793833017027,0.172218227097243,29.9,7.99937497558403,0.517040571923674,26,22,25,26,33,41,50,24,35,23,41,25,26,19,31,23,41,30,34,23,,33,24,26,30,21,35,22,31,11,30,27,38,16,38,19,30,21,36,11,30,,44,30,31,37,23,37,25,33,16,34,28,44,20,49,22,33,24,39,12,34,
10,53,0,0,24.95,7.17965876626459,0.139331777354537,29.9,7.99937497558403,0.517040571923674,26,22,25,26,33,41,50,24,35,23,41,25,26,19,31,23,41,30,34,23,,24,23,25,30,24,28,16,24,23,27,23,18,30,19,50,27,13,27,26,22,,29,28,31,34,27,36,20,29,27,31,23,18,34,22,51,30,14,33,28,27,
3,54,0,0,26.1,5.5937465083788,0.150088848252967,29.9,7.99937497558403,0.517040571923674,26,22,25,26,33,41,50,24,35,23,41,25,26,19,31,23,41,30,34,23,,26,32,24,30,24,16,22,36,28,19,31,14,26,33,25,24,23,30,33,26,,32,36,28,35,26,21,29,40,36,25,34,19,29,36,28,30,27,37,43,28,
0,55,0,0,23.8,6.24179461373089,0.120683374166456,29.9,7.99937497558403,0.517040571923674,26,22,25,26,33,41,50,24,35,23,41,25,26,19,31,23,41,30,34,23,,32,27,13,29,16,22,27,17,33,17,27,24,21,14,31,22,34,19,24,27,,37,29,19,34,19,25,34,19,34,23,30,29,26,15,33,25,38,20,28,29,
1,56,0,0,25.5,5.9455865984779,0.140638496298798,29.9,7.99937497558403,0.517040571923674,26,22,25,26,33,41,50,24,35,23,41,25,26,19,31,23,41,30,34,23,,31,29,32,39,21,24,29,15,25,27,20,24,16,30,29,29,23,18,30,19,,41,34,39,41,23,26,38,22,30,33,23,28,18,31,36,35,27,21,34,22,
3,57,0,0,25.05,7.37885492471562,0.142030549540727,29.9,7.99937497558403,0.517040571923674,26,22,25,26,33,41,50,24,35,23,41,25,26,19,31,23,41,30,34,23,,9,24,25,35,26,19,23,31,21,13,21,30,26,26,32,17,30,42,29,22,,12,27,29,41,34,20,25,36,24,17,23,34,35,31,39,18,35,48,31,22,
2,58,0,0,23.35,6.7474069093245,0.119398382228946,29.9,7.99937497558403,0.517040571923674,26,22,25,26,33,41,50,24,35,23,41,25,26,19,31,23,41,30,34,23,,24,25,24,18,17,24,26,28,19,20,19,14,28,30,13,12,36,28,37,25,,28,30,31,24,19,26,32,30,20,21,22,17,31,32,16,13,44,31,42,29,
1,59,0,0,24.7,5.69297813099611,0.127875697306392,29.9,7.99937497558403,0.517040571923674,26,22,25,26,33,41,50,24,35,23,41,25,26,19,31,23,41,30,34,23,,19,36,20,34,23,22,27,18,24,25,26,33,27,31,13,25,22,28,18,23,,20,43,23,37,31,25,34,22,28,29,31,42,35,35,17,30,28,33,23,24,
13,60,0,0,25.85,6.16664414410301,0.147934719805609,29.9,7.99937497558403,0.517040571923674,26,22,25,26,33,41,50,24,35,23,41,25,26,19,31,23,41,30,34,23,,20,19,20,28,35,30,32,26,17,40,31,17,22,21,23,28,31,21,26,30,,22,22,22,35,38,37,33,27,22,46,37,21,26,22,24,28,31,24,29,34,
5,61,0,0,28.25,6.9919596680759,0.237324149995081,29.9,7.99937497558403,0.517040571923674,26,22,25,26,33,41,50,24,35,23,41,25,26,19,31,23,41,30,34,23,,29,19,25,39,25,34,19,39,23,24,33,29,17,23,39,22,39,25,30,32,,35,23,29,43,26,37,22,42,23,29,38,35,18,26,44,25,50,26,33,36,
2,62,0,0,26.4,8.89606654651369,0.179079194372583,29.9,7.99937497558403,0.517040571923674,26,22,25,26,33,41,50,24,35,23,41,25,26,19,31,23,41,30,34,23,,30,29,42,16,11,21,29,19,35,42,23,43,30,25,21,18,24,22,32,16,,32,35,50,19,13,23,33,22,42,47,25,44,35,28,23,20,28,25,35,18,
0,63,0,0,26.05,10.1216352433784,0.186067769375573,29.9,7.99937497558403,0.517040571923674,26,22,25,26,33,41,50,24,35,23,41,25,26,19,31,23,41,30,34,23,,22,22,22,17,32,13,40,28,59,20,19,32,22,33,19,17,35,23,24,22,,26,26,24,19,36,17,43,30,68,24,24,39,28,39,25,20,40,29,27,24,
0,64,0,0,24.25,8.30587141725659,0.139058691191263,29.9,7.99937497558403,0.517040571923674,26,22,25,26,33,41,50,24,35,23,41,25,26,19,31,23,41,30,34,23,,21,18,16,33,26,11,27,14,36,28,17,45,26,17,22,35,16,25,24,28,,25,20,20,34,30,12,32,21,43,30,21,49,26,23,26,40,20,31,26,32,
0,65,0,0,24.25,6.30773334883459,0.125661594103755,29.9,7.99937497558403,0.517040571923674,26,22,25,26,33,41,50,24,35,23,41,25,26,19,31,23,41,30,34,23,,35,15,22,21,36,26,23,25,21,30,32,13,22,17,26,25,22,34,22,18,,39,19,30,26,39,32,29,29,26,32,34,17,27,19,30,26,24,38,23,24,
0,66,0,0,24.55,5.81786043146447,0.126624972695513,29.9,7.99937497558403,0.517040571923674,26,22,25,26,33,41,50,24,35,23,41,25,26,19,31,23,41,30,34,23,,21,38,24,23,29,28,36,20,25,18,17,27,20,30,22,15,25,19,27,27,,24,41,27,27,38,29,39,22,29,22,19,29,23,33,26,18,28,25,35,31,
2,67,0,0,23.9,6.9778220097678,0.125841526118044,29.9,7.99937497558403,0.517040571923674,26,22,25,26,33,41,50,24,35,23,41,25,26,19,31,23,41,30,34,23,,11,15,39,30,27,32,14,26,22,14,24,23,31,26,17,30,29,25,20,23,,15,17,45,34,32,35,17,28,27,17,27,26,34,29,20,35,37,30,25,24,
0,68,0,0,27.15,8.99041155898883,0.201200993901267,29.9,7.99937497558403,0.517040571923674,26,22,25,26,33,41,50,24,35,23,41,25,26,19,31,23,41,30,34,23,,28,33,31,23,24,29,15,36,40,12,36,37,20,32,16,6,32,30,35,28,,31,37,34,28,27,36,18,41,48,20,37,42,23,36,22,8,34,32,39,32,
5,69,0,0,26.3,8.92804569880778,0.177084793060031,29.9,7.99937497558403,0.517040571923674,26,22,25,26,33,41,50,24,35,23,41,25,26,19,31,23,41,30,34,23,,35,33,16,19,19,23,23,24,26,45,27,15,25,18,20,18,24,43,43,30,,39,37,17,23,21,29,27,29,29,48,30,17,30,19,23,21,29,48,48,35,
3,70,0,0,26.45,6.76368982139187,0.16402428147283,29.9,7.99937497558403,0.517040571923674,26,22,25,26,33,41,50,24,35,23,41,25,26,19,31,23,41,30,34,23,,24,24,32,34,22,29,18,25,23,44,27,28,24,14,29,14,29,32,32,25,,28,28,39,37,28,34,20,31,27,47,30,31,31,17,32,15,30,34,34,28,
1,71,0,0,27.4,6.30396700498979,0.190456370172968,29.9,7.99937497558403,0.517040571923674,26,22,25,26,33,41,50,24,35,23,41,25,26,19,31,23,41,30,34,23,,23,28,31,32,20,14,21,28,36,34,32,30,22,22,27,38,22,21,35,32,,27,33,33,35,22,15,25,35,40,40,35,34,24,24,32,42,25,22,39,34,
2,72,0,0,26,9.08295106229247,0.172285161562803,29.9,7.99937497558403,0.517040571923674,26,22,25,26,33,41,50,24,35,23,41,25,26,19,31,23,41,30,34,23,,39,41,18,37,27,40,20,10,18,33,21,29,18,24,19,24,38,13,25,26,,45,52,21,44,30,42,21,13,20,38,27,35,21,26,20,29,46,15,31,30,
1,73,0,0,23.45,5.89470101022944,0.115704156783871,29.9,7.99937497558403,0.517040571923674,26,22,25,26,33,41,50,24,35,23,41,25,26,19,31,23,41,30,34,23,,18,33,24,32,30,26,22,19,31,13,20,22,10,23,20,23,26,27,21,29,,21,40,25,36,32,28,26,22,36,16,23,22,14,25,24,27,28,33,26,32,
10,74,0,0,27.85,6.20705244057113,0.209787309497661,29.9,7.99937497558403,0.517040571923674,26,22,25,26,33,41,50,24,35,23,41,25,26,19,31,23,41,30,34,23,,35,24,25,38,21,23,35,20,30,21,30,37,26,30,26,27,39,24,17,29,,40,27,33,41,29,26,40,24,35,24,33,39,35,34,27,30,40,29,20,32,
5,75,0,0,25.95,6.88821457273218,0.153883888529765,29.9,7.99937497558403,0.517040571923674,26,22,25,26,33,41,50,24,35,23,41,25,26,19,31,23,41,30,34,23,,30,26,20,23,23,36,28,20,38,28,22,23,16,30,23,20,40,14,25,34,,35,30,22,30,26,40,33,23,44,32,25,25,18,36,29,21,44,22,27,36,
10,76,0,0,28.05,7.43286620355835,0.227854101739238,29.9,7.99937497558403,0.517040571923674,26,22,25,26,33,41,50,24,35,23,41,25,26,19,31,23,41,30,34,23,,25,24,20,43,20,18,41,40,20,32,37,27,27,19,26,22,33,30,28,29,,27,29,22,48,28,21,46,47,25,41,42,30,34,21,30,27,38,31,35,32,
1,77,0,0,26.4,5.93632883186233,0.158379310517504,29.9,7.99937497558403,0.517040571923674,26,22,25,26,33,41,50,24,35,23,41,25,26,19,31,23,41,30,34,23,,25,25,34,23,19,28,18,22,34,21,28,21,40,35,27,28,21,25,33,21,,29,28,39,30,21,29,21,22,36,26,35,25,47,39,35,29,23,30,38,25,
0,78,0,0,28.3,8.88313007897554,0.255440789903056,29.9,7.99937497558403,0.517040571923674,26,22,25,26,33,41,50,24,35,23,41,25,26,19,31,23,41,30,34,23,,41,30,30,24,26,19,44,26,10,23,23,25,25,14,34,36,30,33,27,46,,49,32,33,25,31,23,49,35,13,27,28,32,27,18,35,42,33,34,31,60,
0,79,0,0,23.3,8.00062497558785,0.127439947938315,29.9,7.99937497558403,0.517040571923674,26,22,25,26,33,41,50,24,35,23,41,25,26,19,31,23,41,30,34,23,,24,10,19,22,41,13,18,31,18,22,20,23,30,14,26,37,17,35,27,19,,27,12,22,24,47,15,19,36,20,24,21,25,35,14,29,44,20,43,29,24,
1,80,0,0,25,7.35527021937332,0.141172041157438,29.9,7.99937497558403,0.517040571923674,26,22,25,26,33,41,50,24,35,23,41,25,26,19,31,23,41,30,34,23,,32,33,10,32,23,21,14,20,18,21,28,19,38,29,25,24,21,33,22,37,,35,37,12,35,25,25,15,23,20,23,30,25,44,33,26,25,22,36,27,43,
5,81,0,0,24.3,8.758424515859,0.143672614223873,29.9,7.99937497558403,0.517040571923674,26,22,25,26,33,41,50,24,35,23,41,25,26,19,31,23,41,30,34,23,,26,24,19,27,31,19,24,22,12,19,29,17,12,27,10,39,36,27,21,45,,29,28,25,30,38,22,31,23,14,20,34,19,14,33,13,49,43,32,22,51,
3,82,0,0,24.85,8.1503067426938,0.144997569506815,29.9,7.99937497558403,0.517040571923674,26,22,25,26,33,41,50,24,35,23,41,25,26,19,31,23,41,30,34,23,,17,22,37,24,19,28,19,40,19,28,26,26,24,10,16,26,17,25,44,30,,20,25,39,27,24,30,24,46,21,30,30,34,27,10,18,27,18,31,58,35,
2,83,0,0,28.3,7.34234295031225,0.242937530551884,29.9,7.99937497558403,0.517040571923674,26,22,25,26,33,41,50,24,35,23,41,25,26,19,31,23,41,30,34,23,,21,31,43,36,23,22,31,23,26,37,43,21,32,28,30,17,28,33,20,21,,23,37,50,41,25,24,37,23,29,47,46,26,33,32,32,20,32,37,22,22,
0,84,0,0,22.9,4.85695377783236,0.106599428532389,29.9,7.99937497558403,0.517040571923674,26,22,25,26,33,41,50,24,35,23,41,25,26,19,31,23,41,30,34,23,,35,24,19,22,19,18,31,21,30,17,20,17,27,23,18,22,27,20,23,25,,39,25,20,31,23,20,34,29,37,18,23,18,31,27,22,25,27,25,26,28,
0,85,0,0,24.3,7.74015503720694,0.135160689520912,29.9,7.99937497558403,0.517040571923674,26,22,25,26,33,41,50,24,35,23,41,25,26,19,31,23,41,30,34,23,,22,23,22,24,22,33,20,15,30,14,19,13,36,38,31,20,19,41,22,22,,26,29,25,28,24,38,23,18,34,19,28,17,43,45,37,24,21,48,25,23,
1,86,0,0,26.25,6.63230729083024,0.158638094020744,29.9,7.99937497558403,0.517040571923674,26,22,25,26,33,41,50,24,35,23,41,25,26,19,31,23,41,30,34,23,,24,20,24,35,21,21,23,21,27,38,27,29,15,30,17,21,28,40,31,33,,29,24,30,40,24,21,28,24,31,44,30,40,19,32,22,26,31,43,36,39,
,87,0,0,27.35,8.21142496768983,0.201182896758082,29.9,7.99937497558403,0.517040571923674,26,22,25,26,33,41,50,24,35,23,41,25,26,19,31,23,41,30,34,23,,24,21,18,20,40,23,28,28,9,44,25,31,29,32,16,39,30,29,27,34,,28,22,24,25,47,25,32,36,11,47,26,35,33,39,17,44,36,31,33,40,
,88,0,0,24.95,7.46642484727463,0.141236717704234,29.9,7.99937497558403,0.517040571923674,26,22,25,26,33,41,50,24,35,23,41,25,26,19,31,23,41,30,34,23,,35,27,20,21,22,15,28,30,37,32,17,27,13,35,25,10,25,30,19,31,,38,27,24,24,27,20,32,32,41,36,20,30,13,36,29,14,26,33,21,38,
,89,0,0,25.4,4.3058100283222,0.132041989086359,29.9,7.99937497558403,0.517040571923674,26,22,25,26,33,41,50,24,35,23,41,25,26,19,31,23,41,30,34,23,,31,27,23,29,24,30,24,37,22,21,26,28,23,20,29,18,26,22,23,25,,34,32,28,33,26,36,29,43,26,24,29,31,26,24,33,20,26,23,27,25,
,90,0,0,27.7,7.75306391048081,0.212143728549407,29.9,7.99937497558403,0.517040571923674,26,22,25,26,33,41,50,24,35,23,41,25,26,19,31,23,41,30,34,23,,33,24,47,27,29,17,29,30,18,18,25,28,30,20,34,22,21,42,36,24,,37,25,57,31,34,19,33,34,28,21,27,33,32,26,37,25,24,54,42,29,
,91,0,0,25.6,5.60713830755047,0.140702537167652,29.9,7.99937497558403,0.517040571923674,26,22,25,26,33,41,50,24,35,23,41,25,26,19,31,23,41,30,34,23,,33,32,26,28,25,26,26,33,37,14,22,18,24,25,29,24,21,16,28,25,,38,38,28,34,27,29,28,37,44,18,24,23,27,30,34,29,25,20,31,31,
,92,0,0,25.5,6.93181073024935,0.146046890212407,29.9,7.99937497558403,0.517040571923674,26,22,25,26,33,41,50,24,35,23,41,25,26,19,31,23,41,30,34,23,,26,20,35,32,16,28,16,32,22,29,18,29,26,25,25,30,30,19,40,12,,29,20,38,35,18,32,19,40,24,33,19,36,27,31,26,34,32,24,46,14,
,93,0,0,26.75,7.94905654779232,0.179751581475827,29.9,7.99937497558403,0.517040571923674,26,22,25,26,33,41,50,24,35,23,41,25,26,19,31,23,41,30,34,23,,34,34,39,18,29,23,24,12,37,33,20,40,16,18,26,20,28,21,30,33,,41,42,48,23,32,27,28,18,39,34,27,44,22,21,29,25,31,26,33,35,
,94,0,0,23.4,6.98140387028282,0.121230475011729,29.9,7.99937497558403,0.517040571923674,26,22,25,26,33,41,50,24,35,23,41,25,26,19,31,23,41,30,34,23,,23,16,22,20,19,16,17,25,22,31,16,13,25,38,17,34,28,31,34,21,,28,19,27,25,19,21,22,29,27,37,18,14,27,42,20,39,30,37,40,22,
,95,0,0,26,10.5640901169954,0.19198092145774,29.9,7.99937497558403,0.517040571923674,26,22,25,26,33,41,50,24,35,23,41,25,26,19,31,23,41,30,34,23,,19,15,32,19,38,24,19,43,55,16,17,33,18,31,28,20,21,17,37,18,,25,17,37,21,47,27,20,47,58,17,20,38,20,35,28,24,26,20,42,21,
,96,0,0,26.35,6.93018758764869,0.162654813508644,29.9,7.99937497558403,0.517040571923674,26,22,25,26,33,41,50,24,35,23,41,25,26,19,31,23,41,30,34,23,,16,26,40,24,16,25,17,26,33,31,41,28,22,22,32,28,20,31,20,29,,20,27,46,27,21,28,23,32,38,34,47,36,25,30,34,33,22,33,26,34,
,97,0,0,22.15,6.88676266470684,0.111362420235172,29.9,7.99937497558403,0.517040571923674,26,22,25,26,33,41,50,24,35,23,41,25,26,19,31,23,41,30,34,23,,18,17,17,28,31,33,19,22,15,19,5,23,29,28,21,26,29,14,19,30,,19,20,22,31,34,36,20,27,18,25,8,28,31,30,24,29,32,16,24,35,
,98,0,0,24.95,8.0092134445275,0.145216691128135,29.9,7.99937497558403,0.517040571923674,26,22,25,26,33,41,50,24,35,23,41,25,26,19,31,23,41,30,34,23,,29,37,33,31,30,19,34,37,25,16,15,12,24,23,25,12,13,33,27,24,,36,43,37,32,34,20,39,38,33,19,17,17,27,30,28,15,15,34,32,30,
,99,0,0,25.5,8.54692927313664,0.157995533306294,29.9,7.99937497558403,0.517040571923674,26,22,25,26,33,41,50,24,35,23,41,25,26,19,31,23,41,30,34,23,,17,38,29,30,26,32,15,17,17,17,27,32,21,26,14,20,35,20,30,47,,18,44,32,31,32,38,17,20,19,19,32,37,25,28,19,22,44,22,34,52,
,100,0,0,28.7,8.42674314311288,0.283413097804534,29.9,7.99937497558403,0.517040571923674,26,22,25,26,33,41,50,24,35,23,41,25,26,19,31,23,41,30,34,23,,30,30,26,37,32,33,20,27,28,23,30,22,32,56,38,16,28,21,25,20,,32,34,30,44,37,35,20,31,30,30,38,26,37,59,47,17,32,22,27,22,
,,,,,,,,,,,,
,,,,,,,,,,,,
,,,,,,,,,,,,
,,,,,,,,,,,,
,,,,,,,,,,,,
,,,,,,,,,,,,
,,,,,,,,,,,,
,,,,,,,,,,,,
,,,,,,,,,,,,
,,,,,,,,,,,,
,,,,,,,,,,,,
,,,,,,,,,,,,
,,,,,,,,,,,,
,,,,,,,,,,,,
,,,,,,,,,,,,
,,,,,,,,,,,,
,,,,,,,,,,,,
,,,,,,,,,,,,
,,,,,,,,,,,,
,,,,,,,,,,,,
,,,,,,,,,,,,
,,,,,,,,,,,,
,,,,,,,,,,,,
,,,,,,,,,,,,
,,,,,,,,,,,,
,,,,,,,,,,,,
,,,,,,,,,,,,
,,,,,,,,,,,,
,,,,,,,,,,,,
,,,,,,,,,,,,
,,,,,,,,,,,,
,,,,,,,,,,,,
,,,,,,,,,,,,
,,,,,,,,,,,,
,,,,,,,,,,,,
,,,,,,,,,,,,
,,,,,,,,,,,,
,,,,,,,,,,,,
,,,,,,,,,,,,
,,,,,,,,,,,,
,,,,,,,,,,,,
,,,,,,,,,,,,
,,,,,,,,,,,,
,,,,,,,,,,,,
,,,,,,,,,,,,
,,,,,,,,,,,,
,,,,,,,,,,,,
,,,,,,,,,,,,
,,,,,,,,,,,,
,,,,,,,,,,,,
,,,,,,,,,,,,
,,,,,,,,,,,,
,,,,,,,,,,,,
,,,,,,,,,,,,
,,,,,,,,,,,,
,,,,,,,,,,,,
,,,,,,,,,,,,
,,,,,,,,,,,,
,,,,,,,,,,,,
,,,,,,,,,,,,
,,,,,,,,,,,,
,,,,,,,,,,,,
,,,,,,,,,,,,
,,,,,,,,,,,,
,,,,,,,,,,,,
,,,,,,,,,,,,
,,,,,,,,,,,,
,,,,,,,,,,,,
,,,,,,,,,,,,
,,,,,,,,,,,,
,,,,,,,,,,,,
,,,,,,,,,,,,
,,,,,,,,,,,,
,,,,,,,,,,,,
,,,,,,,,,,,,
,,,,,,,,,,,,
,,,,,,,,,,,,
,,,,,,,,,,,,
,,,,,,,,,,,,
,,,,,,,,,,,,
,,,,,,,,,,,,
,,,,,,,,,,,,
,,,,,,,,,,,,
,,,,,,,,,,,,
,,,,,,,,,,,,
,,,,,,,,,,,,
,,,,,,,,,,,,
,,,,,,,,,,,,
,,,,,,,,,,,,
,,,,,,,,,,,,
,,,,,,,,,,,,
,,,,,,,,,,,,
,,,,,,,,,,,,
,,,,,,,,,,,,
,,,,,,,,,,,,
,,,,,,,,,,,,
,,,,,,,,,,,,
,,,,,,,,,,,,
,,,,,,,,,,,,
,,,,,,,,,,,,

